-- phpMyAdmin SQL Dump
-- version 4.5.2
-- http://www.phpmyadmin.net
--
-- Host: localhost
-- Generation Time: 2016 年 12 月 13 日 21:13
-- サーバのバージョン： 10.1.10-MariaDB
-- PHP Version: 5.6.19

SET SQL_MODE = "NO_AUTO_VALUE_ON_ZERO";
SET time_zone = "+09:00";


/*!40101 SET @OLD_CHARACTER_SET_CLIENT=@@CHARACTER_SET_CLIENT */;
/*!40101 SET @OLD_CHARACTER_SET_RESULTS=@@CHARACTER_SET_RESULTS */;
/*!40101 SET @OLD_COLLATION_CONNECTION=@@COLLATION_CONNECTION */;
/*!40101 SET NAMES utf8mb4 */;

--
-- Database: `cinema`
--
CREATE DATABASE IF NOT EXISTS `cinema` DEFAULT CHARACTER SET utf8 COLLATE utf8_general_ci;
USE `cinema`;

-- --------------------------------------------------------

--
-- テーブルの構造 `m_article`
--

DROP TABLE IF EXISTS `m_article`;
CREATE TABLE `m_article` (
  `id` int(10) UNSIGNED NOT NULL,
  `title` varchar(30) NOT NULL,
  `content` text NOT NULL,
  `release_at` datetime DEFAULT NULL,
  `created_at` timestamp NOT NULL DEFAULT CURRENT_TIMESTAMP,
  `updated_at` timestamp NOT NULL DEFAULT CURRENT_TIMESTAMP ON UPDATE CURRENT_TIMESTAMP,
  `member_id` int(10) UNSIGNED NOT NULL
) ENGINE=InnoDB DEFAULT CHARSET=utf8;

--
-- テーブルのデータのダンプ `m_article`
--

INSERT INTO `m_article` (`id`, `title`, `content`, `release_at`, `created_at`, `updated_at`, `member_id`) VALUES
(1, 'タイトル1', 'テキストテキストテキストテキストテキストテキストテキストテキストテキストテキストテキストテキストテキストテキストテキストテキストテキストテキストテキストテキストテキストテキストテキストテキストテキストテキストテキストテキストテキストテキストテキストテキストテキストテキストテキストテキストテキストテキストテキストテキストテキストテキストテキストテキストテキストテキストテキストテキストテキストテキストテキストテキストテキストテキストテキストテキストテキストテキストテキストテキストテキストテキストテキストテキストテキストテキストテキストテキストテキストテキストテキストテキスト', '2016-11-10 05:58:09', '2016-11-09 02:58:09', '2016-11-09 03:01:19', 31),
(2, 'タイトル2', 'テキストテキストテキストテキストテキストテキストテキストテキストテキストテキストテキストテキストテキストテキストテキストテキストテキストテキストテキストテキストテキストテキストテキストテキストテキストテキストテキストテキストテキストテキストテキストテキストテキストテキストテキストテキストテキストテキストテキストテキストテキストテキストテキストテキストテキストテキストテキストテキストテキストテキストテキストテキストテキストテキストテキストテキストテキストテキストテキストテキストテキストテキストテキストテキストテキストテキストテキストテキストテキストテキストテキストテキスト', '2016-11-10 05:58:09', '2016-11-09 02:58:09', '2016-11-09 03:01:48', 31),
(3, 'タイトル3', 'テキストテキストテキストテキストテキストテキストテキストテキストテキストテキストテキストテキストテキストテキストテキストテキストテキストテキストテキストテキストテキストテキストテキストテキストテキストテキストテキストテキストテキストテキストテキストテキストテキストテキストテキストテキストテキストテキストテキストテキストテキストテキストテキストテキストテキストテキストテキストテキストテキストテキストテキストテキストテキストテキストテキストテキストテキストテキストテキストテキストテキストテキストテキストテキストテキストテキストテキストテキストテキストテキストテキストテキスト', '2016-11-10 05:58:09', '2016-11-09 02:58:09', '2016-11-09 03:01:50', 31),
(4, 'タイトル4', 'テキストテキストテキストテキストテキストテキストテキストテキストテキストテキストテキストテキストテキストテキストテキストテキストテキストテキストテキストテキストテキストテキストテキストテキストテキストテキストテキストテキストテキストテキストテキストテキストテキストテキストテキストテキストテキストテキストテキストテキストテキストテキストテキストテキストテキストテキストテキストテキストテキストテキストテキストテキストテキストテキストテキストテキストテキストテキストテキストテキストテキストテキストテキストテキストテキストテキストテキストテキストテキストテキストテキストテキスト', '2016-11-10 05:58:09', '2016-11-09 02:58:09', '2016-11-09 03:01:52', 31),
(5, 'タイトル5', 'テキストテキストテキストテキストテキストテキストテキストテキストテキストテキストテキストテキストテキストテキストテキストテキストテキストテキストテキストテキストテキストテキストテキストテキストテキストテキストテキストテキストテキストテキストテキストテキストテキストテキストテキストテキストテキストテキストテキストテキストテキストテキストテキストテキストテキストテキストテキストテキストテキストテキストテキストテキストテキストテキストテキストテキストテキストテキストテキストテキストテキストテキストテキストテキストテキストテキストテキストテキストテキストテキストテキストテキスト', '2016-11-10 05:58:09', '2016-11-09 02:58:09', '2016-11-09 03:01:54', 31),
(6, 'タイトル6', 'テキストテキストテキストテキストテキストテキストテキストテキストテキストテキストテキストテキストテキストテキストテキストテキストテキストテキストテキストテキストテキストテキストテキストテキストテキストテキストテキストテキストテキストテキストテキストテキストテキストテキストテキストテキストテキストテキストテキストテキストテキストテキストテキストテキストテキストテキストテキストテキストテキストテキストテキストテキストテキストテキストテキストテキストテキストテキストテキストテキストテキストテキストテキストテキストテキストテキストテキストテキストテキストテキストテキストテキスト', '2016-11-10 05:58:09', '2016-11-09 02:58:09', '2016-11-09 03:01:57', 31),
(7, 'タイトル7', 'テキストテキストテキストテキストテキストテキストテキストテキストテキストテキストテキストテキストテキストテキストテキストテキストテキストテキストテキストテキストテキストテキストテキストテキストテキストテキストテキストテキストテキストテキストテキストテキストテキストテキストテキストテキストテキストテキストテキストテキストテキストテキストテキストテキストテキストテキストテキストテキストテキストテキストテキストテキストテキストテキストテキストテキストテキストテキストテキストテキストテキストテキストテキストテキストテキストテキストテキストテキストテキストテキストテキストテキスト', '2016-11-10 05:58:09', '2016-11-09 02:58:09', '2016-11-09 03:02:01', 31),
(8, 'タイトル8', 'テキストテキストテキストテキストテキストテキストテキストテキストテキストテキストテキストテキストテキストテキストテキストテキストテキストテキストテキストテキストテキストテキストテキストテキストテキストテキストテキストテキストテキストテキストテキストテキストテキストテキストテキストテキストテキストテキストテキストテキストテキストテキストテキストテキストテキストテキストテキストテキストテキストテキストテキストテキストテキストテキストテキストテキストテキストテキストテキストテキストテキストテキストテキストテキストテキストテキストテキストテキストテキストテキストテキストテキスト', '2016-11-10 05:58:09', '2016-11-09 02:58:09', '2016-11-09 03:02:04', 31),
(9, 'タイトル9', 'テキストテキストテキストテキストテキストテキストテキストテキストテキストテキストテキストテキストテキストテキストテキストテキストテキストテキストテキストテキストテキストテキストテキストテキストテキストテキストテキストテキストテキストテキストテキストテキストテキストテキストテキストテキストテキストテキストテキストテキストテキストテキストテキストテキストテキストテキストテキストテキストテキストテキストテキストテキストテキストテキストテキストテキストテキストテキストテキストテキストテキストテキストテキストテキストテキストテキストテキストテキストテキストテキストテキストテキスト', '2016-11-10 05:58:09', '2016-11-09 02:58:09', '2016-11-09 03:02:06', 31),
(10, 'タイトル10', 'テキストテキストテキストテキストテキストテキストテキストテキストテキストテキストテキストテキストテキストテキストテキストテキストテキストテキストテキストテキストテキストテキストテキストテキストテキストテキストテキストテキストテキストテキストテキストテキストテキストテキストテキストテキストテキストテキストテキストテキストテキストテキストテキストテキストテキストテキストテキストテキストテキストテキストテキストテキストテキストテキストテキストテキストテキストテキストテキストテキストテキストテキストテキストテキストテキストテキストテキストテキストテキストテキストテキストテキスト', '2016-11-10 05:58:09', '2016-11-09 02:58:09', '2016-11-09 03:02:09', 31),
(11, 'タイトル11', 'テキストテキストテキストテキストテキストテキストテキストテキストテキストテキストテキストテキストテキストテキストテキストテキストテキストテキストテキストテキストテキストテキストテキストテキストテキストテキストテキストテキストテキストテキストテキストテキストテキストテキストテキストテキストテキストテキストテキストテキストテキストテキストテキストテキストテキストテキストテキストテキストテキストテキストテキストテキストテキストテキストテキストテキストテキストテキストテキストテキストテキストテキストテキストテキストテキストテキストテキストテキストテキストテキストテキストテキスト', '2016-11-10 05:58:09', '2016-11-09 02:58:09', '2016-11-09 03:02:10', 31),
(12, 'タイトル12', 'テキストテキストテキストテキストテキストテキストテキストテキストテキストテキストテキストテキストテキストテキストテキストテキストテキストテキストテキストテキストテキストテキストテキストテキストテキストテキストテキストテキストテキストテキストテキストテキストテキストテキストテキストテキストテキストテキストテキストテキストテキストテキストテキストテキストテキストテキストテキストテキストテキストテキストテキストテキストテキストテキストテキストテキストテキストテキストテキストテキストテキストテキストテキストテキストテキストテキストテキストテキストテキストテキストテキストテキスト', '2016-11-10 05:58:09', '2016-11-09 02:58:09', '2016-11-09 03:02:12', 31),
(13, '未公開13', '未公開記事', '2217-11-10 05:58:09', '2016-11-09 02:58:09', '2016-11-09 03:02:13', 31),
(14, '未公開14', '未公開記事', '2217-11-10 05:58:09', '2016-11-09 02:58:09', '2016-11-09 03:02:15', 31),
(15, '未公開15', '未公開記事', '2217-11-10 05:58:09', '2016-11-09 02:58:09', '2016-11-09 03:02:18', 31),
(16, 'タイトル16', 'テキストテキストテキストテキストテキストテキストテキストテキストテキストテキストテキストテキストテキストテキストテキストテキストテキストテキストテキストテキストテキストテキストテキストテキストテキストテキストテキストテキストテキストテキストテキストテキストテキストテキストテキストテキストテキストテキストテキストテキストテキストテキストテキストテキストテキストテキストテキストテキストテキストテキストテキストテキストテキストテキストテキストテキストテキストテキストテキストテキストテキストテキストテキストテキストテキストテキストテキストテキストテキストテキストテキストテキスト', '2016-11-10 05:58:09', '2016-11-09 02:58:09', '2016-11-09 03:02:20', 31),
(17, 'タイトル17', 'テキストテキストテキストテキストテキストテキストテキストテキストテキストテキストテキストテキストテキストテキストテキストテキストテキストテキストテキストテキストテキストテキストテキストテキストテキストテキストテキストテキストテキストテキストテキストテキストテキストテキストテキストテキストテキストテキストテキストテキストテキストテキストテキストテキストテキストテキストテキストテキストテキストテキストテキストテキストテキストテキストテキストテキストテキストテキストテキストテキストテキストテキストテキストテキストテキストテキストテキストテキストテキストテキストテキストテキスト', '2016-11-10 05:58:09', '2016-11-09 02:58:09', '2016-11-09 03:02:22', 31);

-- --------------------------------------------------------

--
-- テーブルの構造 `m_member`
--

DROP TABLE IF EXISTS `m_member`;
CREATE TABLE `m_member` (
  `id` int(10) UNSIGNED NOT NULL,
  `password` varchar(16) NOT NULL,
  `name` varchar(50) NOT NULL,
  `tel` varchar(11) NOT NULL,
  `mail` varchar(255) NOT NULL,
  `credit_no` char(16) DEFAULT NULL,
  `credit_sec_code` char(4) DEFAULT NULL,
  `credit_expiration_date` char(6) DEFAULT NULL,
  `created_at` timestamp NOT NULL DEFAULT CURRENT_TIMESTAMP,
  `updated_at` timestamp NOT NULL DEFAULT CURRENT_TIMESTAMP ON UPDATE CURRENT_TIMESTAMP,
  `class` enum('customer','employee') NOT NULL
) ENGINE=InnoDB DEFAULT CHARSET=utf8;

--
-- テーブルのデータのダンプ `m_member`
--

INSERT INTO `m_member` (`id`, `password`, `name`, `tel`, `mail`, `credit_no`, `credit_sec_code`, `credit_expiration_date`, `created_at`, `updated_at`, `class`) VALUES
(1, 'password', 'ユーザー1', '09050427111', 'example1@gmail.com', '1234567890123456', '907', '16/03', '2016-11-09 02:48:14', '2016-11-09 02:54:07', 'customer'),
(2, 'password', 'ユーザー2', '09050427111', 'example2@gmail.com', '1234567890123456', '907', '16/03', '2016-11-09 02:48:14', '2016-11-09 02:54:15', 'customer'),
(3, 'password', 'ユーザー3', '09050427111', 'example3@gmail.com', '1234567890123456', '907', '16/03', '2016-11-09 02:48:14', '2016-11-09 02:54:19', 'customer'),
(4, 'password', 'ユーザー4', '09050427111', 'example4@gmail.com', '1234567890123456', '907', '16/03', '2016-11-09 02:48:14', '2016-11-09 02:54:22', 'customer'),
(5, 'password', 'ユーザー5', '09050427111', 'example5@gmail.com', '1234567890123456', '907', '16/03', '2016-11-09 02:48:14', '2016-11-09 02:54:28', 'customer'),
(6, 'password', 'ユーザー6', '09050427111', 'example6@gmail.com', '1234567890123456', '907', '16/03', '2016-11-09 02:48:14', '2016-11-09 02:54:32', 'customer'),
(7, 'password', 'ユーザー7', '09050427111', 'example7@gmail.com', '1234567890123456', '907', '16/03', '2016-11-09 02:48:14', '2016-11-09 02:54:35', 'customer'),
(8, 'password', 'ユーザー8', '09050427111', 'example8@gmail.com', '1234567890123456', '907', '16/03', '2016-11-09 02:48:14', '2016-11-09 02:54:38', 'customer'),
(9, 'password', 'ユーザー9', '09050427111', 'example9@gmail.com', '1234567890123456', '907', '16/03', '2016-11-09 02:48:14', '2016-11-09 02:54:41', 'customer'),
(10, 'password', 'ユーザー10', '09050427111', 'example10@gmail.com', '1234567890123456', '907', '16/03', '2016-11-09 02:48:14', '2016-11-09 02:54:44', 'customer'),
(11, 'password', 'ユーザー11', '09050427111', 'example11@gmail.com', '1234567890123456', '907', '16/03', '2016-11-09 02:48:14', '2016-11-09 02:54:46', 'customer'),
(12, 'password', 'ユーザー12', '09050427111', 'example12@gmail.com', '1234567890123456', '907', '16/03', '2016-11-09 02:48:14', '2016-11-09 02:54:50', 'customer'),
(13, 'password', 'ユーザー13', '09050427111', 'example13@gmail.com', '1234567890123456', '907', '16/03', '2016-11-09 02:48:14', '2016-11-09 02:54:55', 'customer'),
(14, 'password', 'ユーザー14', '09050427111', 'example14@gmail.com', '1234567890123456', '907', '16/03', '2016-11-09 02:48:14', '2016-11-09 02:54:58', 'customer'),
(15, 'password', 'ユーザー15', '09050427111', 'example15@gmail.com', '1234567890123456', '907', '16/03', '2016-11-09 02:48:14', '2016-11-09 02:55:02', 'customer'),
(16, 'password', 'ユーザー16', '09050427111', 'example16@gmail.com', '1234567890123456', '907', '16/03', '2016-11-09 02:48:14', '2016-11-09 02:55:05', 'customer'),
(17, 'password', 'ユーザー17', '09050427111', 'example17@gmail.com', '1234567890123456', '907', '16/03', '2016-11-09 02:48:14', '2016-11-09 02:55:09', 'customer'),
(18, 'password', 'ユーザー18', '09050427111', 'example18@gmail.com', '1234567890123456', '907', '16/03', '2016-11-09 02:48:14', '2016-11-09 02:55:14', 'customer'),
(19, 'password', 'ユーザー19', '09050427111', 'example19@gmail.com', '1234567890123456', '907', '16/03', '2016-11-09 02:48:14', '2016-11-09 02:55:17', 'customer'),
(20, 'password', 'ユーザー20', '09050427111', 'example20@gmail.com', '1234567890123456', '907', '16/03', '2016-11-09 02:48:14', '2016-11-09 02:55:20', 'customer'),
(21, 'password', 'ユーザー21', '09050427111', 'example21@gmail.com', '1234567890123456', '907', '16/03', '2016-11-09 02:48:14', '2016-11-09 02:55:23', 'customer'),
(22, 'password', 'ユーザー22', '09050427111', 'example22@gmail.com', '1234567890123456', '907', '16/03', '2016-11-09 02:48:14', '2016-11-09 02:55:25', 'customer'),
(23, 'password', 'ユーザー23', '09050427111', 'example23@gmail.com', '1234567890123456', '907', '16/03', '2016-11-09 02:48:14', '2016-11-09 02:55:27', 'customer'),
(24, 'password', 'ユーザー24', '09050427111', 'example24@gmail.com', '1234567890123456', '907', '16/03', '2016-11-09 02:48:14', '2016-11-09 02:55:30', 'customer'),
(25, 'password', 'ユーザー25', '09050427111', 'example25@gmail.com', '1234567890123456', '907', '16/03', '2016-11-09 02:48:14', '2016-11-09 02:55:33', 'customer'),
(26, 'password', 'ユーザー26', '09050427111', 'example26@gmail.com', '1234567890123456', '907', '16/03', '2016-11-09 02:48:14', '2016-11-09 02:55:35', 'customer'),
(27, 'password', 'ユーザー27', '09050427111', 'example27@gmail.com', '1234567890123456', '907', '16/03', '2016-11-09 02:48:14', '2016-11-09 02:55:37', 'customer'),
(28, 'password', 'ユーザー28', '09050427111', 'example28@gmail.com', '1234567890123456', '907', '16/03', '2016-11-09 02:48:14', '2016-11-09 02:55:40', 'customer'),
(29, 'password', 'ユーザー29', '09050427111', 'example29@gmail.com', '1234567890123456', '907', '16/03', '2016-11-09 02:48:14', '2016-11-09 02:55:43', 'customer'),
(30, 'password', 'ユーザー30', '09050427111', 'example30@gmail.com', '1234567890123456', '907', '16/03', '2016-11-09 02:48:14', '2016-11-09 02:55:47', 'customer'),
(31, 'password', 'root', '09050427111', 'example31@gmail.com', 'NULL', 'NULL', 'NULL', '2016-11-09 02:48:14', '2016-11-09 02:55:49', 'employee'),
(32, 'password', 'root2', '09050427111', 'example32@gmail.com', 'NULL', 'NULL', 'NULL', '2016-11-09 02:57:25', '2016-11-09 02:58:00', '');

-- --------------------------------------------------------

--
-- テーブルの構造 `m_movie`
--

DROP TABLE IF EXISTS `m_movie`;
CREATE TABLE `m_movie` (
  `id` int(10) UNSIGNED NOT NULL,
  `title` varchar(50) NOT NULL,
  `description` text,
  `img_url` text,
  `movie_time` time DEFAULT NULL,
  `release_date` date DEFAULT NULL,
  `created_at` timestamp NOT NULL DEFAULT CURRENT_TIMESTAMP,
  `updated_at` timestamp NOT NULL DEFAULT CURRENT_TIMESTAMP ON UPDATE CURRENT_TIMESTAMP,
  `member_id` int(10) UNSIGNED NOT NULL
) ENGINE=InnoDB DEFAULT CHARSET=utf8;

--
-- テーブルのデータのダンプ `m_movie`
--

INSERT INTO `m_movie` (`id`, `title`, `description`, `movie_time`, `release_date`, `img_url`, `created_at`, `updated_at`, `member_id`) VALUES
(1, 'ファンタスティック・ビーストと魔法使いの旅', '魔法使いのニュート・スキャマンダーは、優秀だけどおっちょこちょい、そして魔法動物をこよなく愛する変わり者──。世界中を旅しては魔法動物を集め、不思議なトランクに詰め込んでいる。ある時ニュートは、旅の途中でニューヨークへ立ち寄ったが、そこでひょんなことから自分のトランクが普通の人間のトランクと入れ替わってしまう！トランクの中から魔法動物たちは逃げ出してしまい、ニューヨーク中を巻き込む大騒動に！そこで出会う仲間たちや奇想天外な魔法動物とともに、ニュートの新しい冒険が始まる！', '02:13:00', '2016-11-23', 'FantasticBeasts.jpg', '2016-11-08 18:04:23', '2016-12-11 12:42:52', 31),
(2, '君の名は。', '千年ぶりとなる彗星の来訪を一か月後に控えた日本。山深い田舎町に暮らす女子高校生・三葉は憂鬱な毎日を過ごしていた。町長である父の選挙運動に、家系の神社の古き風習。小さく狭い町で、周囲の目が余計に気になる年頃だけに、都会への憧れを強くするばかり。そんなある日、自分が男の子になる夢を見る。見覚えのない部屋、見知らぬ友人、目の前に広がるのは東京の街並み。念願だった都会での生活を思いっきり満喫する三葉。一方、東京で暮らす男子高校生、瀧も、奇妙な夢を見た。行ったこともない山奥の町で、自分が女子高校生になっているのだ。繰り返される不思議な夢。そして、二人は気付く。「私／俺たち、入れ替わってる！？」', '01:46:00', '2016-08-26', 'yourname.jpg', '2016-11-08 18:04:23', '2016-12-11 12:42:52', 31),
(3, 'ミュージアム', '雨の日に起きる連続猟奇殺人事件。犯行現場に残された謎のメモ、そして見つけられることを前提としたかのような死体。犯人はカエルのマスクを被った通称・カエル男。事件の関連性に気付いた沢村刑事が捜査を進めると、驚愕の次のターゲットが浮かび上がる。カエル男の次のターゲットとは…。犯人を追うはずの沢村が、逆に絶望的な状況に追い詰められて行く。果たして、カエル男の真の目的とは…？', '02:12:00', '2016-11-12', 'museum.jpg', '2016-11-08 18:04:23', '2016-12-11 12:42:52', 31),
(4, '溺れるナイフ', '東京から転校してきた美少女モデルの夏芽（小松菜奈）は強烈なオーラを放つ地元の少年コウ（菅田将暉）に出会い一瞬にして惹かれていく。コウも夏芽の美しさに同類の力を感じ、ぶつかり合いながらも付き合うことに。しかし、火祭りの夜にある悲劇が二人を襲う・・・。深く傷つきコウと別れてしまった夏芽。孤独な彼女を救ったのは同級生の大友（重岡大毅）だった。彼の優しさに癒されながらも、コウに急接近する幼馴染のカナ（上白石萌音）に心を乱され、行き場を失う夏芽。そんなある日、芸能界復帰のチャンスが訪れる―。夏芽の決断は？コウの想いは？永遠を信じていた二人の恋の行方は？', '01:51:00', '2016-11-05', 'oboreruknife.jpg', '2016-11-08 18:04:23', '2016-12-11 12:42:52', 31),
(5, '疾風ロンド', '大学の研究所施設から、違法生物兵器「Ｋ－５５」が盗まれた。 研究所所長の下に届く犯人からの脅迫メール。「人質は全国民。身代金の３億円を用意しろ」 警察には頼めない…しかも残された時間は４日間…。そんな窮地に白羽の矢がたったのは、何故だか、しがない主任研究員。秘密裏に生物兵器を捜す命を受けるも、全く手掛かりがない…。\r\nそんな中、一本の電話が。\r\n≪犯人死亡！！≫\r\nまさかの事態に呆然とする一方で、刻々と迫りくる大惨事へのタイムリミット。 生物兵器の行方も完全に不明になったと途方に暮れていたその時、犯人の遺品から僅かな手がかりを掴むのだった。', '01:49:00', '2016-11-26', 'shippurondo.jpg', '2016-11-08 18:04:23', '2016-12-11 12:42:53', 31),
(6, 'この世界の片隅に', 'すずは、広島市江波で生まれた絵が得意な少女。昭和19（1944）年、20キロ離れた町・呉に嫁ぎ18歳で一家の主婦となったすずは、あらゆるものが欠乏していく中で、日々の食卓を作り出すために工夫を凝らす。 だが、戦争は進み、日本海軍の根拠地だった呉は、何度もの空襲に襲われる。庭先から毎日眺めていた軍艦たちが炎を上げ、市街が灰燼に帰してゆく。すずが大事に思っていた身近なものが奪われてゆく。それでもなお、毎日を築くすずの営みは終わらない。そして、昭和20（1945）年の夏がやってきた――。', '02:09:00', '2016-11-12', 'konosekainokatasumini.jpg', '2016-11-08 18:04:23', '2016-12-11 12:52:05', 31),
(7, '海賊とよばれた男', '主要燃料が石炭だった当時から、石油の将来性を予感していた若き日の国岡鐡造（岡田准一）は、北九州・門司で石油業に乗り出すが、その前には国内の販売業者、欧米の石油会社（石油メジャー）など、常に様々な壁が立ちふさがり、行く手を阻んだ。しかし、鐡造はどんなに絶望的な状況でも決して諦めず、それまでの常識を覆す奇想天外な発想と、型破りの行動力、何よりも自らの店員（＝部下）を大切にするその愛情で、新たな道を切り拓いていった。その鐡造の姿は、敗戦後の日本において、さらなる逆風にさらされても変わることはなかった。そしてついに、敗戦の悲嘆にくれる日本人に大きな衝撃を与える"事件"が発生する。', '02:25:00', '2016-12-10', 'kaizokutoyobaretaotoko.jpg', '2016-11-08 18:04:23', '2016-12-11 12:52:05', 31),
(8, 'デスノート　Ｌｉｇｈｔ　ｕｐ　ｔｈｅ　ＮＥＷ　ｗｏｒｌｄ', 'デスノートを駆使して世の中に野放しになっていた凶悪犯を次々と死に追いやったキラこと夜神月と、命をかけてキラを食い止めたLとの天才同士の対決から10年。再び、死神が地上にデスノートをばらまき、世界中が大混乱に陥っていた。夜神総一郎が立ち上げた\r\n＜デスノート対策本部＞は存続していた。すでに亡くなった夜神総一郎の跡を継ぐべく、キラ事件に精通した三島を筆頭に、対策本部チームの捜査官たちを中心に警視庁内に本部を構えていたのだ。', '02:15:00', '2016-10-29', 'deathnote.jpg', '2016-11-08 18:04:23', '2016-12-11 12:52:05', 31),
(9, 'ＲＡＮＭＡＲＵ　神の舌を持つ男', '伝説の三助の孫・朝永蘭丸（ともながらんまる/向井理）は放浪の旅の末、鬼灯（ほおずき）村にたどりつく。ところが温泉に溺れてしまってさぁ大変！人口呼吸で助けられた蘭丸はその女医・りん（木村多江）に一目惚れし、村の温泉で働くことに。甕棺墓光（かめかんぼひかる/木村文乃）と宮沢寛治（みやざわかんじ/佐藤二朗）が蘭丸を追って来るがその時、地面が大陥没！ 鬼火が発生！ 黒い水が湧き出し、ついには死体を発見！ 村人は、三人がいにしえの呪いを呼び覚ました！ と大激怒。謎の黒装束軍団に追われながら、果たして彼らは殺人事件の犯人を暴き、呪いの謎を解き明かす事ができるのか！？', '01:45:00', '2016-12-03', 'ranmaru.jpg', '2016-11-08 18:04:23', '2016-12-11 12:52:05', 31),
(10, '映画　ボクの妻と結婚してください。', 'バラエティ番組の放送作家である三村修治は、12本ものレギュラーを抱え、このところ忙し過ぎるとは思っていた。体に異変を感じて検査を受けた結果、告げられたのは末期のすい臓がん。余命6ヵ月という驚くべき診断だった。放送作家として、今までずっと世の中の色々なことを好奇心で「楽しい」に変えて来た修治は、自分がいなくなっても、妻が前を向いて進めるようにある企画を思いつく。「妻の結婚相手を探そう！」\r\nそんな時、元仕事仲間の知多かおりが現在結婚相談所の社長であると知り、妻にとって最高の結婚相手を探し出してもらうことに。まさに命を懸けた一世一代のプロジェクト、家族に遺せる「最期の企画」が動き出す…。', '01:54:00', '2016-11-05', 'bokunotsumato.jpg', '2016-11-08 18:04:23', '2016-12-11 12:52:06', 31),
(11, 'シン・ゴジラ', '第1作の『ゴジラ』（1954年）が公開されてから約60年、現在までに国内で計28作品が製作され、1億人に迫る累計観客動員数を記録するなど、日本を代表するシリーズ映画として君臨する「ゴジラ」。その人気は国内に止まらず、記憶に新しい2014年にはハリウッド版『ＧＯＤＺＩＬＬＡ』が全世界で興行収入570億円以上、国内でも32億円と大ヒットを記録し、日本で誕生したゴジラというキャラクターは、世界の「Ｇｏｄｚｉｌｌａ」となり、"キングオブモンスター"として人気を博しています。そして今回、日本版ゴジラ復活の声が高まる中、完全新作のオリジナル脚本にて新しい日本版「ゴジラ」が誕生します。', '02:00:00', '2016-07-29', 'shingodzilla.jpg', '2016-11-08 18:04:23', '2016-12-11 12:56:39', 31),
(12, '映画　聲の形', '"退屈すること"を何よりも嫌う少年、石田将也。ガキ大将だった小学生の彼は、転校生の少女、西宮硝子へ無邪気な好奇心を持つ。彼女が来たことを期に、少年は退屈から解放された日々を手に入れた。しかし、硝子とのある出来事がきっかけで将也は周囲から孤立してしまう。やがて五年の時を経て、別々の場所で高校生へと成長したふたり。"ある出来事"以来、固く心を閉ざしていた将也は硝子の元を訪れる。これはひとりの少年が、少女を、周りの人たちを、そして自分を受け入れようとする物語――。', '02:09:00', '2016-09-17', 'koenokatachi.jpg', '2016-11-08 18:04:23', '2016-12-11 12:57:30', 31),
(13, '劇場版　艦これ', '海を蹂躙する謎の敵「深海棲艦」。在りし日の艦艇の魂を胸に抱き、その脅威に唯一対抗できる「艦娘」たち。艦娘たちの拠点「鎮守府」の存亡をかけ双方が激突した「MI作戦」では特型駆逐艦「吹雪」の活躍もあり艦娘たちが勝利を収めたが、その激戦以降、彼女たちの戦いはますます熾烈なものとなっていた。MI作戦の成功を足がかりに、鎮守府の戦力は南方の海域に進出。敵泊地の攻略を続け、その戦域を少しずつ拡大していた。その中で新たな前線基地に集結し、次の作戦に備える艦娘たち。戦いを経て成長し、そして新たな戦力も加わり続けて作戦に成功を収め意気上がる彼女たちだったが、目標とする海域に重大な異変が発生していることが判明する。', '01:31:00', '2016-11-26', 'kancolle.jpg', '2016-11-08 18:04:23', '2016-12-11 12:59:08', 31),
(14, 'インフェルノ', '「今、このスイッチを押せば人類の半分が死ぬ。しかし、押さなければ人類は100年後に滅びる。全てはお前次第だ―」\r\nラングドン教授に突き付けられた挑戦状、それは、アメリカの大富豪ゾブリストが、人口増加問題の過激な解決策として生み出したウィルス。伝染病を利用した人口淘汰を目論むゾブリストが、詩人ダンテの叙事詩「神曲」＜地獄篇（インフェルノ）＞に隠した暗号（コード）とは？人類を滅亡に導く陰謀を阻むため、ラングドンが挑む謎とは？この謎が解けなければ、世界は“地獄”と化す――。', '02:01:00', '2016-10-28', 'inferno.jpg', '2016-11-08 18:04:23', '2016-12-11 13:00:58', 31),
(15, 'メン・イン・キャット', '仕事命のワガママ社長トム・ブランド（ケヴィン・スペイシー）は“北半球一高いビル”を建てるという超ド級にバカな目標のために、家族との時間や社員の意見を犠牲にしていた。跡継ぎの息子デヴィッドはどこか頼りなく、まだまだ自分が会社を引っ張っていく必要があると考えていた。そんな中、妻のララ（ジェニファー・ガーナー）から娘のレベッカ（マリーナ・ワイズマン）の誕生日が明日であることを知らされ、長年欲しがっていたネコをプレゼントすることに。怪しげな店主パーキンス（クリストファー・ウォーケン）のいるペットショップで“Mr.もこもこパンツ”と名付けられた猫を購入する。', '01:27:00', '2016-11-25', 'ninelives.jpg', '2016-11-08 18:04:23', '2016-12-11 13:02:41', 31),
(16, 'ローグ・ワン　スター・ウォーズ・ストーリー', '物語の舞台は、『スター・ウォーズ エピソード4／新たなる希望』の少し前。銀河全体を脅かす帝国軍の究極の兵器＜デス・スター＞。無法者たちによる反乱軍の極秘チーム＜ロ―グ・ワン＞に加わった女戦士ジン・アーソは、様々な葛藤を抱えながら不可能なミッションに立ち向かう。その運命のカギは、天才科学者であり、何年も行方不明になっている彼女の父に隠されていた・・・。', '02:14:00', '2016-12-16', 'starwars.jpg', '2016-11-08 18:04:23', '2016-12-11 13:09:01', 31),
(17, 'バイオハザード：ザ・ファイナル', 'アメリカのラクーンシティで発生したT-ウィルス流出事件が原因でアンデッド化した世界。主人公アリスは生き残った仲間と共に、事件の元凶である巨大企業アンブレラ社とアンデッドの大群を相手にした最後の戦いに挑む。宿敵アンブレラ社との最終決戦の行方は―。アリスと共に最後の戦いを挑む女戦士コバルト役でローラがハリウッドデビュー、さらには『バイオハザードⅢ』『バイオハザードIV：アフターライフ』でクレア・レッドフィールド役を演じ人気を博したアリ・ラーターが本作でカムバック！※PG12', '01:47:00', '2016-12-23', 'ResidentEvil.jpg', '2016-11-08 18:04:23', '2016-12-11 13:10:57', 31);

-- --------------------------------------------------------

--
-- テーブルの構造 `m_price_type`
--

DROP TABLE IF EXISTS `m_price_type`;
CREATE TABLE `m_price_type` (
  `id` int(10) UNSIGNED NOT NULL,
  `name` varchar(30) NOT NULL,
  `price` int(11) NOT NULL,
  `description` varchar(30) DEFAULT NULL,
  `class` enum('normal','discount') NOT NULL,
  `week_number` int(1) DEFAULT NULL,
  `created_at` timestamp NOT NULL DEFAULT CURRENT_TIMESTAMP,
  `updated_at` timestamp NOT NULL DEFAULT CURRENT_TIMESTAMP ON UPDATE CURRENT_TIMESTAMP,
  `member_id` int(10) UNSIGNED NOT NULL
) ENGINE=InnoDB DEFAULT CHARSET=utf8;

--
-- テーブルのデータのダンプ `m_price_type`
--

INSERT INTO `m_price_type` (`id`, `name`, `price`, `description`, `class`, `week_number`, `created_at`, `updated_at`, `member_id`) VALUES
(1, '一般', 1800, NULL, 'normal', NULL, '2016-11-09 03:33:32', '2016-11-09 03:33:35', 31),
(2, '学生（大高生）', 1500, '在学確認は学生証を提示して頂きます。', 'normal', NULL, '2016-11-09 03:33:32', '2016-11-09 03:47:25', 31),
(3, '小中学生', 800, NULL, 'normal', NULL, '2016-11-09 03:33:32', '2016-11-09 03:34:24', 31),
(4, '幼児（3〜6歳）', 500, NULL, 'normal', NULL, '2016-11-09 03:33:32', '2016-11-09 03:35:03', 31),
(5, '3D専用メガネ', 300, '3D映画専用。鑑賞料金に対して加算致します。', 'normal', NULL, '2016-11-09 03:33:32', '2016-11-09 03:47:32', 31),
(6, '毎月1日', 1100, NULL, 'discount', NULL, '2016-11-09 03:42:20', '2016-11-09 03:43:04', 31),
(7, 'レディースデイ', 1100, NULL, 'discount', 2, '2016-11-09 03:42:20', '2016-11-09 03:43:38', 31),
(8, 'シニアデー', 1000, '５０歳以上だと確認できるものを提示して頂きます。', 'discount', 1, '2016-11-09 03:42:20', '2016-11-09 03:47:45', 31),
(9, '夫婦デー（2名）', 1000, '５０歳以上かつ夫婦だと確認できるものを提示して頂きます。', 'discount', 1, '2016-11-09 03:42:20', '2016-11-09 03:47:48', 31);

-- --------------------------------------------------------

--
-- テーブルの構造 `m_theater`
--

DROP TABLE IF EXISTS `m_theater`;
CREATE TABLE `m_theater` (
  `id` int(10) UNSIGNED NOT NULL,
  `seat_count` int(10) UNSIGNED NOT NULL,
  `created_at` timestamp NOT NULL DEFAULT CURRENT_TIMESTAMP,
  `updated_at` timestamp NOT NULL DEFAULT CURRENT_TIMESTAMP ON UPDATE CURRENT_TIMESTAMP,
  `member_id` int(10) UNSIGNED NOT NULL
) ENGINE=InnoDB DEFAULT CHARSET=utf8;

--
-- テーブルのデータのダンプ `m_theater`
--

INSERT INTO `m_theater` (`id`, `seat_count`, `created_at`, `updated_at`, `member_id`) VALUES
(1, 32, '2016-11-09 03:07:27', '2016-12-13 12:11:11', 31),
(2, 32, '2016-11-09 03:07:27', '2016-12-13 12:11:13', 31),
(3, 32, '2016-11-09 03:07:27', '2016-12-13 12:11:14', 31),
(4, 32, '2016-11-09 03:07:27', '2016-12-13 12:11:15', 31),
(5, 32, '2016-11-09 03:07:27', '2016-12-13 12:11:16', 31),
(6, 32, '2016-11-09 03:07:27', '2016-12-13 12:11:17', 31),
(7, 32, '2016-11-09 03:07:27', '2016-12-13 12:11:18', 31),
(8, 32, '2016-11-09 03:07:27', '2016-12-13 12:11:19', 31);

-- --------------------------------------------------------

--
-- テーブルの構造 `t_movie_schedule`
--

DROP TABLE IF EXISTS `t_movie_schedule`;
CREATE TABLE `t_movie_schedule` (
  `id` int(10) UNSIGNED NOT NULL,
  `theater_id` int(10) UNSIGNED NOT NULL,
  `movie_id` int(10) UNSIGNED NOT NULL,
  `start_at` datetime NOT NULL,
  `end_at` datetime NOT NULL,
  `created_at` timestamp NOT NULL DEFAULT CURRENT_TIMESTAMP,
  `updated_at` timestamp NOT NULL DEFAULT CURRENT_TIMESTAMP ON UPDATE CURRENT_TIMESTAMP,
  `member_id` int(10) UNSIGNED NOT NULL
) ENGINE=InnoDB DEFAULT CHARSET=utf8;

--
-- テーブルのデータのダンプ `t_movie_schedule`
--

INSERT INTO `t_movie_schedule` (`id`, `theater_id`, `movie_id`, `start_at`, `end_at`, `created_at`, `updated_at`, `member_id`) VALUES
(1, 1, 1, '2016-12-15 10:00:00', '2016-12-15 12:00:00', '2016-11-08 18:08:03', '2016-12-14 02:55:33', 31),
(2, 1, 1, '2016-12-15 12:00:00', '2016-12-15 14:00:00', '2016-11-08 18:08:03', '2016-12-14 02:50:11', 31),
(3, 1, 1, '2016-12-15 14:00:00', '2016-12-15 16:00:00', '2016-11-08 18:08:03', '2016-12-14 02:50:39', 31),
(4, 1, 1, '2016-12-15 18:00:00', '2016-12-15 20:00:00', '2016-11-08 18:08:03', '2016-12-14 02:51:04', 31),
(6, 2, 2, '2016-12-15 12:00:00', '2016-12-15 14:00:00', '2016-11-08 18:08:03', '2016-12-14 02:52:32', 31),
(7, 2, 2, '2016-12-15 14:00:00', '2016-12-15 16:00:00', '2016-11-08 18:08:03', '2016-12-14 02:52:32', 31),
(8, 2, 2, '2016-12-15 16:00:00', '2016-12-15 18:00:00', '2016-11-08 18:08:03', '2016-12-14 02:52:32', 31),
(9, 1, 1, '2016-12-16 16:00:00', '2016-12-16 18:00:00', '2016-11-08 18:08:03', '2016-12-14 02:52:32', 31),
(10, 1, 1, '2016-12-16 18:00:00', '2016-12-16 20:00:00', '2016-11-08 18:08:03', '2016-12-14 02:52:32', 31),
(11, 1, 1, '2016-12-17 20:00:00', '2016-12-17 21:00:00', '2016-11-08 18:08:03', '2016-12-14 02:52:32', 31),
(12, 1, 3, '2016-12-17 20:00:00', '2016-12-17 21:00:00', '2016-11-08 18:08:03', '2016-12-14 02:52:32', 31),
(13, 1, 3, '2016-12-17 21:00:00', '2016-12-17 22:00:00', '2016-11-08 18:08:03', '2016-12-14 02:52:32', 31),
(14, 2, 3, '2016-12-15 10:00:00', '2016-12-15 12:00:00', '2016-11-08 18:08:03', '2016-12-14 02:55:33', 31),
(15, 2, 3, '2016-12-15 12:00:00', '2016-12-15 14:00:00', '2016-11-08 18:08:03', '2016-12-14 02:50:11', 31),
(16, 2, 3, '2016-12-15 14:00:00', '2016-12-15 16:00:00', '2016-11-08 18:08:03', '2016-12-14 02:50:39', 31),
(17, 2, 3, '2016-12-15 18:00:00', '2016-12-15 20:00:00', '2016-11-08 18:08:03', '2016-12-14 02:51:04', 31),
(18, 3, 4, '2016-12-15 12:00:00', '2016-12-15 14:00:00', '2016-11-08 18:08:03', '2016-12-14 02:52:32', 31),
(19, 3, 4, '2016-12-15 14:00:00', '2016-12-15 16:00:00', '2016-11-08 18:08:03', '2016-12-14 02:52:32', 31),
(20, 3, 4, '2016-12-15 16:00:00', '2016-12-15 18:00:00', '2016-11-08 18:08:03', '2016-12-14 02:52:32', 31),
(21, 2, 6, '2016-12-16 16:00:00', '2016-12-16 18:00:00', '2016-11-08 18:08:03', '2016-12-14 02:52:32', 31),
(22, 2, 6, '2016-12-16 18:00:00', '2016-12-16 20:00:00', '2016-11-08 18:08:03', '2016-12-14 02:52:32', 31),
(23, 2, 6, '2016-12-17 20:00:00', '2016-12-17 21:00:00', '2016-11-08 18:08:03', '2016-12-14 02:52:32', 31),
(24, 4, 5, '2016-12-17 20:00:00', '2016-12-17 21:00:00', '2016-11-08 18:08:03', '2016-12-14 02:52:32', 31),
(25, 4, 5, '2016-12-17 21:00:00', '2016-12-17 22:00:00', '2016-11-08 18:08:03', '2016-12-14 02:52:32', 31),
(26, 1, 1, '2016-12-18 10:00:00', '2016-12-18 12:00:00', '2016-11-08 18:08:03', '2016-12-14 02:55:33', 31),
(27, 1, 1, '2016-12-18 12:00:00', '2016-12-18 14:00:00', '2016-11-08 18:08:03', '2016-12-14 02:50:11', 31),
(28, 1, 1, '2016-12-18 14:00:00', '2016-12-18 16:00:00', '2016-11-08 18:08:03', '2016-12-14 02:50:39', 31),
(29, 1, 1, '2016-12-18 18:00:00', '2016-12-18 20:00:00', '2016-11-08 18:08:03', '2016-12-14 02:51:04', 31),
(30, 2, 2, '2016-12-18 12:00:00', '2016-12-18 14:00:00', '2016-11-08 18:08:03', '2016-12-14 02:52:32', 31),
(31, 2, 2, '2016-12-18 14:00:00', '2016-12-18 16:00:00', '2016-11-08 18:08:03', '2016-12-14 02:52:32', 31),
(32, 2, 2, '2016-12-18 16:00:00', '2016-12-18 18:00:00', '2016-11-08 18:08:03', '2016-12-14 02:52:32', 31),
(33, 1, 1, '2016-12-19 16:00:00', '2016-12-19 18:00:00', '2016-11-08 18:08:03', '2016-12-14 02:52:32', 31),
(34, 1, 1, '2016-12-19 18:00:00', '2016-12-19 20:00:00', '2016-11-08 18:08:03', '2016-12-14 02:52:32', 31),
(35, 1, 1, '2016-12-19 20:00:00', '2016-12-19 21:00:00', '2016-11-08 18:08:03', '2016-12-14 02:52:32', 31),
(36, 1, 3, '2016-12-19 20:00:00', '2016-12-19 21:00:00', '2016-11-08 18:08:03', '2016-12-14 02:52:32', 31),
(37, 1, 3, '2016-12-19 21:00:00', '2016-12-19 22:00:00', '2016-11-08 18:08:03', '2016-12-14 02:52:32', 31),
(38, 2, 3, '2016-12-19 10:00:00', '2016-12-19 12:00:00', '2016-11-08 18:08:03', '2016-12-14 02:55:33', 31),
(39, 2, 3, '2016-12-19 12:00:00', '2016-12-19 14:00:00', '2016-11-08 18:08:03', '2016-12-14 02:50:11', 31),
(40, 2, 3, '2016-12-19 14:00:00', '2016-12-19 16:00:00', '2016-11-08 18:08:03', '2016-12-14 02:50:39', 31),
(41, 2, 3, '2016-12-19 18:00:00', '2016-12-19 20:00:00', '2016-11-08 18:08:03', '2016-12-14 02:51:04', 31),
(42, 3, 4, '2016-12-19 12:00:00', '2016-12-19 14:00:00', '2016-11-08 18:08:03', '2016-12-14 02:52:32', 31),
(43, 3, 4, '2016-12-19 14:00:00', '2016-12-19 16:00:00', '2016-11-08 18:08:03', '2016-12-14 02:52:32', 31),
(44, 3, 4, '2016-12-19 16:00:00', '2016-12-19 18:00:00', '2016-11-08 18:08:03', '2016-12-14 02:52:32', 31),
(45, 2, 6, '2016-12-20 16:00:00', '2016-12-20 18:00:00', '2016-11-08 18:08:03', '2016-12-14 02:52:32', 31),
(46, 2, 6, '2016-12-20 18:00:00', '2016-12-20 20:00:00', '2016-11-08 18:08:03', '2016-12-14 02:52:32', 31),
(47, 2, 6, '2016-12-20 20:00:00', '2016-12-20 21:00:00', '2016-11-08 18:08:03', '2016-12-14 02:52:32', 31),
(48, 4, 5, '2016-12-20 20:00:00', '2016-12-20 21:00:00', '2016-11-08 18:08:03', '2016-12-14 02:52:32', 31),
(49, 4, 5, '2016-12-20 21:00:00', '2016-12-20 22:00:00', '2016-11-08 18:08:03', '2016-12-14 02:52:32', 31);

-- --------------------------------------------------------

--
-- テーブルの構造 `t_reserve`
--

DROP TABLE IF EXISTS `t_reserve`;
CREATE TABLE `t_reserve` (
  `id` int(10) UNSIGNED NOT NULL,
  `member_id` int(10) UNSIGNED NOT NULL,
  `schedule_id` int(10) UNSIGNED NOT NULL,
  `pay_all_price` int(11) NOT NULL,
  `created_at` timestamp NOT NULL DEFAULT CURRENT_TIMESTAMP,
  `updated_at` timestamp NOT NULL DEFAULT CURRENT_TIMESTAMP ON UPDATE CURRENT_TIMESTAMP
) ENGINE=InnoDB DEFAULT CHARSET=utf8;

--
-- テーブルのデータのダンプ `t_reserve`
--

INSERT INTO `t_reserve` (`id`, `member_id`, `schedule_id`, `pay_all_price`, `created_at`, `updated_at`) VALUES
(1, 1, 1, 1800, '2016-11-09 03:28:59', '2016-11-09 03:50:22'),
(2, 2, 1, 1800, '2016-11-09 03:58:35', '2016-11-09 03:58:35'),
(3, 3, 1, 1500, '2016-11-09 03:59:17', '2016-11-09 03:59:17');

-- --------------------------------------------------------

--
-- テーブルの構造 `t_seat`
--

DROP TABLE IF EXISTS `t_seat`;
CREATE TABLE `t_seat` (
  `theater_id` int(10) UNSIGNED NOT NULL,
  `seat` char(4) NOT NULL,
  `created_at` timestamp NOT NULL DEFAULT CURRENT_TIMESTAMP,
  `updated_at` timestamp NOT NULL DEFAULT CURRENT_TIMESTAMP ON UPDATE CURRENT_TIMESTAMP,
  `member_id` int(10) UNSIGNED NOT NULL
) ENGINE=InnoDB DEFAULT CHARSET=utf8;

--
-- テーブルのデータのダンプ `t_seat`
--

INSERT INTO `t_seat` (`theater_id`, `seat`, `created_at`, `updated_at`, `member_id`) VALUES
(1, 'A_1', '2016-11-09 03:55:01', '2016-11-19 12:10:05', 31),
(1, 'A_2', '2016-11-09 03:55:01', '2016-11-19 12:10:11', 31),
(1, 'A_3', '2016-11-09 03:55:01', '2016-11-19 12:10:17', 31),
(1, 'A_4', '2016-11-09 03:55:01', '2016-11-19 12:10:13', 31),
(1, 'A_5', '2016-11-09 03:55:01', '2016-11-19 12:10:22', 31),
(1, 'A_6', '2016-11-09 03:55:01', '2016-11-19 12:10:19', 31),
(1, 'A_7', '2016-11-09 03:55:01', '2016-11-19 12:10:28', 31),
(1, 'A_8', '2016-11-09 03:55:01', '2016-11-19 12:10:25', 31),
(1, 'B_1', '2016-11-09 03:55:01', '2016-11-19 12:10:31', 31),
(1, 'B_2', '2016-11-09 03:55:01', '2016-11-19 12:10:37', 31),
(1, 'B_3', '2016-11-09 03:55:01', '2016-11-19 12:10:34', 31),
(1, 'B_4', '2016-11-09 03:55:01', '2016-11-19 12:10:42', 31),
(1, 'B_5', '2016-11-09 03:55:01', '2016-11-19 12:10:39', 31),
(1, 'B_6', '2016-11-09 03:55:01', '2016-11-19 12:10:47', 31),
(1, 'B_7', '2016-11-09 03:55:01', '2016-11-19 12:10:45', 31),
(1, 'B_8', '2016-11-09 03:55:01', '2016-11-19 12:10:50', 31),
(1, 'C_1', '2016-11-09 03:55:01', '2016-11-19 12:10:56', 31),
(1, 'C_2', '2016-11-09 03:55:01', '2016-11-19 12:11:00', 31),
(1, 'C_3', '2016-11-09 03:55:01', '2016-11-19 12:10:58', 31),
(1, 'C_4', '2016-11-09 03:55:01', '2016-11-19 12:11:06', 31),
(1, 'C_5', '2016-11-09 03:55:01', '2016-11-19 12:11:03', 31),
(1, 'C_6', '2016-11-09 03:55:01', '2016-11-19 12:11:12', 31),
(1, 'C_7', '2016-11-09 03:55:01', '2016-11-19 12:11:09', 31),
(1, 'C_8', '2016-11-09 03:55:01', '2016-11-19 12:11:15', 31),
(1, 'D_1', '2016-11-09 03:55:01', '2016-11-19 12:11:20', 31),
(1, 'D_2', '2016-11-09 03:55:01', '2016-11-19 12:11:25', 31),
(1, 'D_3', '2016-11-09 03:55:01', '2016-11-19 12:11:22', 31),
(1, 'D_4', '2016-11-09 03:55:01', '2016-11-19 12:11:30', 31),
(1, 'D_5', '2016-11-09 03:55:01', '2016-11-19 12:11:28', 31),
(1, 'D_6', '2016-11-09 03:55:01', '2016-11-19 12:11:43', 31),
(1, 'D_7', '2016-11-09 03:55:01', '2016-11-19 12:11:33', 31),
(1, 'D_8', '2016-11-09 03:55:01', '2016-11-19 12:11:38', 31),
(2, 'A_1', '2016-11-09 03:55:01', '2016-11-19 12:10:05', 31),
(2, 'A_2', '2016-11-09 03:55:01', '2016-11-19 12:10:11', 31),
(2, 'A_3', '2016-11-09 03:55:01', '2016-11-19 12:10:17', 31),
(2, 'A_4', '2016-11-09 03:55:01', '2016-11-19 12:10:13', 31),
(2, 'A_5', '2016-11-09 03:55:01', '2016-11-19 12:10:22', 31),
(2, 'A_6', '2016-11-09 03:55:01', '2016-11-19 12:10:19', 31),
(2, 'A_7', '2016-11-09 03:55:01', '2016-11-19 12:10:28', 31),
(2, 'A_8', '2016-11-09 03:55:01', '2016-11-19 12:10:25', 31),
(2, 'B_1', '2016-11-09 03:55:01', '2016-11-19 12:10:31', 31),
(2, 'B_2', '2016-11-09 03:55:01', '2016-11-19 12:10:37', 31),
(2, 'B_3', '2016-11-09 03:55:01', '2016-11-19 12:10:34', 31),
(2, 'B_4', '2016-11-09 03:55:01', '2016-11-19 12:10:42', 31),
(2, 'B_5', '2016-11-09 03:55:01', '2016-11-19 12:10:39', 31),
(2, 'B_6', '2016-11-09 03:55:01', '2016-11-19 12:10:47', 31),
(2, 'B_7', '2016-11-09 03:55:01', '2016-11-19 12:10:45', 31),
(2, 'B_8', '2016-11-09 03:55:01', '2016-11-19 12:10:50', 31),
(2, 'C_1', '2016-11-09 03:55:01', '2016-11-19 12:10:56', 31),
(2, 'C_2', '2016-11-09 03:55:01', '2016-11-19 12:11:00', 31),
(2, 'C_3', '2016-11-09 03:55:01', '2016-11-19 12:10:58', 31),
(2, 'C_4', '2016-11-09 03:55:01', '2016-11-19 12:11:06', 31),
(2, 'C_5', '2016-11-09 03:55:01', '2016-11-19 12:11:03', 31),
(2, 'C_6', '2016-11-09 03:55:01', '2016-11-19 12:11:12', 31),
(2, 'C_7', '2016-11-09 03:55:01', '2016-11-19 12:11:09', 31),
(2, 'C_8', '2016-11-09 03:55:01', '2016-11-19 12:11:15', 31),
(2, 'D_1', '2016-11-09 03:55:01', '2016-11-19 12:11:20', 31),
(2, 'D_2', '2016-11-09 03:55:01', '2016-11-19 12:11:25', 31),
(2, 'D_3', '2016-11-09 03:55:01', '2016-11-19 12:11:22', 31),
(2, 'D_4', '2016-11-09 03:55:01', '2016-11-19 12:11:30', 31),
(2, 'D_5', '2016-11-09 03:55:01', '2016-11-19 12:11:28', 31),
(2, 'D_6', '2016-11-09 03:55:01', '2016-11-19 12:11:43', 31),
(2, 'D_7', '2016-11-09 03:55:01', '2016-11-19 12:11:33', 31),
(2, 'D_8', '2016-11-09 03:55:01', '2016-11-19 12:11:38', 31),
(3, 'A_1', '2016-11-09 03:55:01', '2016-11-19 12:10:05', 31),
(3, 'A_2', '2016-11-09 03:55:01', '2016-11-19 12:10:11', 31),
(3, 'A_3', '2016-11-09 03:55:01', '2016-11-19 12:10:17', 31),
(3, 'A_4', '2016-11-09 03:55:01', '2016-11-19 12:10:13', 31),
(3, 'A_5', '2016-11-09 03:55:01', '2016-11-19 12:10:22', 31),
(3, 'A_6', '2016-11-09 03:55:01', '2016-11-19 12:10:19', 31),
(3, 'A_7', '2016-11-09 03:55:01', '2016-11-19 12:10:28', 31),
(3, 'A_8', '2016-11-09 03:55:01', '2016-11-19 12:10:25', 31),
(3, 'B_1', '2016-11-09 03:55:01', '2016-11-19 12:10:31', 31),
(3, 'B_2', '2016-11-09 03:55:01', '2016-11-19 12:10:37', 31),
(3, 'B_3', '2016-11-09 03:55:01', '2016-11-19 12:10:34', 31),
(3, 'B_4', '2016-11-09 03:55:01', '2016-11-19 12:10:42', 31),
(3, 'B_5', '2016-11-09 03:55:01', '2016-11-19 12:10:39', 31),
(3, 'B_6', '2016-11-09 03:55:01', '2016-11-19 12:10:47', 31),
(3, 'B_7', '2016-11-09 03:55:01', '2016-11-19 12:10:45', 31),
(3, 'B_8', '2016-11-09 03:55:01', '2016-11-19 12:10:50', 31),
(3, 'C_1', '2016-11-09 03:55:01', '2016-11-19 12:10:56', 31),
(3, 'C_2', '2016-11-09 03:55:01', '2016-11-19 12:11:00', 31),
(3, 'C_3', '2016-11-09 03:55:01', '2016-11-19 12:10:58', 31),
(3, 'C_4', '2016-11-09 03:55:01', '2016-11-19 12:11:06', 31),
(3, 'C_5', '2016-11-09 03:55:01', '2016-11-19 12:11:03', 31),
(3, 'C_6', '2016-11-09 03:55:01', '2016-11-19 12:11:12', 31),
(3, 'C_7', '2016-11-09 03:55:01', '2016-11-19 12:11:09', 31),
(3, 'C_8', '2016-11-09 03:55:01', '2016-11-19 12:11:15', 31),
(3, 'D_1', '2016-11-09 03:55:01', '2016-11-19 12:11:20', 31),
(3, 'D_2', '2016-11-09 03:55:01', '2016-11-19 12:11:25', 31),
(3, 'D_3', '2016-11-09 03:55:01', '2016-11-19 12:11:22', 31),
(3, 'D_4', '2016-11-09 03:55:01', '2016-11-19 12:11:30', 31),
(3, 'D_5', '2016-11-09 03:55:01', '2016-11-19 12:11:28', 31),
(3, 'D_6', '2016-11-09 03:55:01', '2016-11-19 12:11:43', 31),
(3, 'D_7', '2016-11-09 03:55:01', '2016-11-19 12:11:33', 31),
(3, 'D_8', '2016-11-09 03:55:01', '2016-11-19 12:11:38', 31),
(4, 'A_1', '2016-11-09 03:55:01', '2016-11-19 12:10:05', 31),
(4, 'A_2', '2016-11-09 03:55:01', '2016-11-19 12:10:11', 31),
(4, 'A_3', '2016-11-09 03:55:01', '2016-11-19 12:10:17', 31),
(4, 'A_4', '2016-11-09 03:55:01', '2016-11-19 12:10:13', 31),
(4, 'A_5', '2016-11-09 03:55:01', '2016-11-19 12:10:22', 31),
(4, 'A_6', '2016-11-09 03:55:01', '2016-11-19 12:10:19', 31),
(4, 'A_7', '2016-11-09 03:55:01', '2016-11-19 12:10:28', 31),
(4, 'A_8', '2016-11-09 03:55:01', '2016-11-19 12:10:25', 31),
(4, 'B_1', '2016-11-09 03:55:01', '2016-11-19 12:10:31', 31),
(4, 'B_2', '2016-11-09 03:55:01', '2016-11-19 12:10:37', 31),
(4, 'B_3', '2016-11-09 03:55:01', '2016-11-19 12:10:34', 31),
(4, 'B_4', '2016-11-09 03:55:01', '2016-11-19 12:10:42', 31),
(4, 'B_5', '2016-11-09 03:55:01', '2016-11-19 12:10:39', 31),
(4, 'B_6', '2016-11-09 03:55:01', '2016-11-19 12:10:47', 31),
(4, 'B_7', '2016-11-09 03:55:01', '2016-11-19 12:10:45', 31),
(4, 'B_8', '2016-11-09 03:55:01', '2016-11-19 12:10:50', 31),
(4, 'C_1', '2016-11-09 03:55:01', '2016-11-19 12:10:56', 31),
(4, 'C_2', '2016-11-09 03:55:01', '2016-11-19 12:11:00', 31),
(4, 'C_3', '2016-11-09 03:55:01', '2016-11-19 12:10:58', 31),
(4, 'C_4', '2016-11-09 03:55:01', '2016-11-19 12:11:06', 31),
(4, 'C_5', '2016-11-09 03:55:01', '2016-11-19 12:11:03', 31),
(4, 'C_6', '2016-11-09 03:55:01', '2016-11-19 12:11:12', 31),
(4, 'C_7', '2016-11-09 03:55:01', '2016-11-19 12:11:09', 31),
(4, 'C_8', '2016-11-09 03:55:01', '2016-11-19 12:11:15', 31),
(4, 'D_1', '2016-11-09 03:55:01', '2016-11-19 12:11:20', 31),
(4, 'D_2', '2016-11-09 03:55:01', '2016-11-19 12:11:25', 31),
(4, 'D_3', '2016-11-09 03:55:01', '2016-11-19 12:11:22', 31),
(4, 'D_4', '2016-11-09 03:55:01', '2016-11-19 12:11:30', 31),
(4, 'D_5', '2016-11-09 03:55:01', '2016-11-19 12:11:28', 31),
(4, 'D_6', '2016-11-09 03:55:01', '2016-11-19 12:11:43', 31),
(4, 'D_7', '2016-11-09 03:55:01', '2016-11-19 12:11:33', 31),
(4, 'D_8', '2016-11-09 03:55:01', '2016-11-19 12:11:38', 31),
(5, 'A_1', '2016-11-09 03:55:01', '2016-11-19 12:10:05', 31),
(5, 'A_2', '2016-11-09 03:55:01', '2016-11-19 12:10:11', 31),
(5, 'A_3', '2016-11-09 03:55:01', '2016-11-19 12:10:17', 31),
(5, 'A_4', '2016-11-09 03:55:01', '2016-11-19 12:10:13', 31),
(5, 'A_5', '2016-11-09 03:55:01', '2016-11-19 12:10:22', 31),
(5, 'A_6', '2016-11-09 03:55:01', '2016-11-19 12:10:19', 31),
(5, 'A_7', '2016-11-09 03:55:01', '2016-11-19 12:10:28', 31),
(5, 'A_8', '2016-11-09 03:55:01', '2016-11-19 12:10:25', 31),
(5, 'B_1', '2016-11-09 03:55:01', '2016-11-19 12:10:31', 31),
(5, 'B_2', '2016-11-09 03:55:01', '2016-11-19 12:10:37', 31),
(5, 'B_3', '2016-11-09 03:55:01', '2016-11-19 12:10:34', 31),
(5, 'B_4', '2016-11-09 03:55:01', '2016-11-19 12:10:42', 31),
(5, 'B_5', '2016-11-09 03:55:01', '2016-11-19 12:10:39', 31),
(5, 'B_6', '2016-11-09 03:55:01', '2016-11-19 12:10:47', 31),
(5, 'B_7', '2016-11-09 03:55:01', '2016-11-19 12:10:45', 31),
(5, 'B_8', '2016-11-09 03:55:01', '2016-11-19 12:10:50', 31),
(5, 'C_1', '2016-11-09 03:55:01', '2016-11-19 12:10:56', 31),
(5, 'C_2', '2016-11-09 03:55:01', '2016-11-19 12:11:00', 31),
(5, 'C_3', '2016-11-09 03:55:01', '2016-11-19 12:10:58', 31),
(5, 'C_4', '2016-11-09 03:55:01', '2016-11-19 12:11:06', 31),
(5, 'C_5', '2016-11-09 03:55:01', '2016-11-19 12:11:03', 31),
(5, 'C_6', '2016-11-09 03:55:01', '2016-11-19 12:11:12', 31),
(5, 'C_7', '2016-11-09 03:55:01', '2016-11-19 12:11:09', 31),
(5, 'C_8', '2016-11-09 03:55:01', '2016-11-19 12:11:15', 31),
(5, 'D_1', '2016-11-09 03:55:01', '2016-11-19 12:11:20', 31),
(5, 'D_2', '2016-11-09 03:55:01', '2016-11-19 12:11:25', 31),
(5, 'D_3', '2016-11-09 03:55:01', '2016-11-19 12:11:22', 31),
(5, 'D_4', '2016-11-09 03:55:01', '2016-11-19 12:11:30', 31),
(5, 'D_5', '2016-11-09 03:55:01', '2016-11-19 12:11:28', 31),
(5, 'D_6', '2016-11-09 03:55:01', '2016-11-19 12:11:43', 31),
(5, 'D_7', '2016-11-09 03:55:01', '2016-11-19 12:11:33', 31),
(5, 'D_8', '2016-11-09 03:55:01', '2016-11-19 12:11:38', 31),
(6, 'A_1', '2016-11-09 03:55:01', '2016-11-19 12:10:05', 31),
(6, 'A_2', '2016-11-09 03:55:01', '2016-11-19 12:10:11', 31),
(6, 'A_3', '2016-11-09 03:55:01', '2016-11-19 12:10:17', 31),
(6, 'A_4', '2016-11-09 03:55:01', '2016-11-19 12:10:13', 31),
(6, 'A_5', '2016-11-09 03:55:01', '2016-11-19 12:10:22', 31),
(6, 'A_6', '2016-11-09 03:55:01', '2016-11-19 12:10:19', 31),
(6, 'A_7', '2016-11-09 03:55:01', '2016-11-19 12:10:28', 31),
(6, 'A_8', '2016-11-09 03:55:01', '2016-11-19 12:10:25', 31),
(6, 'B_1', '2016-11-09 03:55:01', '2016-11-19 12:10:31', 31),
(6, 'B_2', '2016-11-09 03:55:01', '2016-11-19 12:10:37', 31),
(6, 'B_3', '2016-11-09 03:55:01', '2016-11-19 12:10:34', 31),
(6, 'B_4', '2016-11-09 03:55:01', '2016-11-19 12:10:42', 31),
(6, 'B_5', '2016-11-09 03:55:01', '2016-11-19 12:10:39', 31),
(6, 'B_6', '2016-11-09 03:55:01', '2016-11-19 12:10:47', 31),
(6, 'B_7', '2016-11-09 03:55:01', '2016-11-19 12:10:45', 31),
(6, 'B_8', '2016-11-09 03:55:01', '2016-11-19 12:10:50', 31),
(6, 'C_1', '2016-11-09 03:55:01', '2016-11-19 12:10:56', 31),
(6, 'C_2', '2016-11-09 03:55:01', '2016-11-19 12:11:00', 31),
(6, 'C_3', '2016-11-09 03:55:01', '2016-11-19 12:10:58', 31),
(6, 'C_4', '2016-11-09 03:55:01', '2016-11-19 12:11:06', 31),
(6, 'C_5', '2016-11-09 03:55:01', '2016-11-19 12:11:03', 31),
(6, 'C_6', '2016-11-09 03:55:01', '2016-11-19 12:11:12', 31),
(6, 'C_7', '2016-11-09 03:55:01', '2016-11-19 12:11:09', 31),
(6, 'C_8', '2016-11-09 03:55:01', '2016-11-19 12:11:15', 31),
(6, 'D_1', '2016-11-09 03:55:01', '2016-11-19 12:11:20', 31),
(6, 'D_2', '2016-11-09 03:55:01', '2016-11-19 12:11:25', 31),
(6, 'D_3', '2016-11-09 03:55:01', '2016-11-19 12:11:22', 31),
(6, 'D_4', '2016-11-09 03:55:01', '2016-11-19 12:11:30', 31),
(6, 'D_5', '2016-11-09 03:55:01', '2016-11-19 12:11:28', 31),
(6, 'D_6', '2016-11-09 03:55:01', '2016-11-19 12:11:43', 31),
(6, 'D_7', '2016-11-09 03:55:01', '2016-11-19 12:11:33', 31),
(6, 'D_8', '2016-11-09 03:55:01', '2016-11-19 12:11:38', 31),
(7, 'A_1', '2016-11-09 03:55:01', '2016-11-19 12:10:05', 31),
(7, 'A_2', '2016-11-09 03:55:01', '2016-11-19 12:10:11', 31),
(7, 'A_3', '2016-11-09 03:55:01', '2016-11-19 12:10:17', 31),
(7, 'A_4', '2016-11-09 03:55:01', '2016-11-19 12:10:13', 31),
(7, 'A_5', '2016-11-09 03:55:01', '2016-11-19 12:10:22', 31),
(7, 'A_6', '2016-11-09 03:55:01', '2016-11-19 12:10:19', 31),
(7, 'A_7', '2016-11-09 03:55:01', '2016-11-19 12:10:28', 31),
(7, 'A_8', '2016-11-09 03:55:01', '2016-11-19 12:10:25', 31),
(7, 'B_1', '2016-11-09 03:55:01', '2016-11-19 12:10:31', 31),
(7, 'B_2', '2016-11-09 03:55:01', '2016-11-19 12:10:37', 31),
(7, 'B_3', '2016-11-09 03:55:01', '2016-11-19 12:10:34', 31),
(7, 'B_4', '2016-11-09 03:55:01', '2016-11-19 12:10:42', 31),
(7, 'B_5', '2016-11-09 03:55:01', '2016-11-19 12:10:39', 31),
(7, 'B_6', '2016-11-09 03:55:01', '2016-11-19 12:10:47', 31),
(7, 'B_7', '2016-11-09 03:55:01', '2016-11-19 12:10:45', 31),
(7, 'B_8', '2016-11-09 03:55:01', '2016-11-19 12:10:50', 31),
(7, 'C_1', '2016-11-09 03:55:01', '2016-11-19 12:10:56', 31),
(7, 'C_2', '2016-11-09 03:55:01', '2016-11-19 12:11:00', 31),
(7, 'C_3', '2016-11-09 03:55:01', '2016-11-19 12:10:58', 31),
(7, 'C_4', '2016-11-09 03:55:01', '2016-11-19 12:11:06', 31),
(7, 'C_5', '2016-11-09 03:55:01', '2016-11-19 12:11:03', 31),
(7, 'C_6', '2016-11-09 03:55:01', '2016-11-19 12:11:12', 31),
(7, 'C_7', '2016-11-09 03:55:01', '2016-11-19 12:11:09', 31),
(7, 'C_8', '2016-11-09 03:55:01', '2016-11-19 12:11:15', 31),
(7, 'D_1', '2016-11-09 03:55:01', '2016-11-19 12:11:20', 31),
(7, 'D_2', '2016-11-09 03:55:01', '2016-11-19 12:11:25', 31),
(7, 'D_3', '2016-11-09 03:55:01', '2016-11-19 12:11:22', 31),
(7, 'D_4', '2016-11-09 03:55:01', '2016-11-19 12:11:30', 31),
(7, 'D_5', '2016-11-09 03:55:01', '2016-11-19 12:11:28', 31),
(7, 'D_6', '2016-11-09 03:55:01', '2016-11-19 12:11:43', 31),
(7, 'D_7', '2016-11-09 03:55:01', '2016-11-19 12:11:33', 31),
(7, 'D_8', '2016-11-09 03:55:01', '2016-11-19 12:11:38', 31),
(8, 'A_1', '2016-11-09 03:55:01', '2016-11-19 12:10:05', 31),
(8, 'A_2', '2016-11-09 03:55:01', '2016-11-19 12:10:11', 31),
(8, 'A_3', '2016-11-09 03:55:01', '2016-11-19 12:10:17', 31),
(8, 'A_4', '2016-11-09 03:55:01', '2016-11-19 12:10:13', 31),
(8, 'A_5', '2016-11-09 03:55:01', '2016-11-19 12:10:22', 31),
(8, 'A_6', '2016-11-09 03:55:01', '2016-11-19 12:10:19', 31),
(8, 'A_7', '2016-11-09 03:55:01', '2016-11-19 12:10:28', 31),
(8, 'A_8', '2016-11-09 03:55:01', '2016-11-19 12:10:25', 31),
(8, 'B_1', '2016-11-09 03:55:01', '2016-11-19 12:10:31', 31),
(8, 'B_2', '2016-11-09 03:55:01', '2016-11-19 12:10:37', 31),
(8, 'B_3', '2016-11-09 03:55:01', '2016-11-19 12:10:34', 31),
(8, 'B_4', '2016-11-09 03:55:01', '2016-11-19 12:10:42', 31),
(8, 'B_5', '2016-11-09 03:55:01', '2016-11-19 12:10:39', 31),
(8, 'B_6', '2016-11-09 03:55:01', '2016-11-19 12:10:47', 31),
(8, 'B_7', '2016-11-09 03:55:01', '2016-11-19 12:10:45', 31),
(8, 'B_8', '2016-11-09 03:55:01', '2016-11-19 12:10:50', 31),
(8, 'C_1', '2016-11-09 03:55:01', '2016-11-19 12:10:56', 31),
(8, 'C_2', '2016-11-09 03:55:01', '2016-11-19 12:11:00', 31),
(8, 'C_3', '2016-11-09 03:55:01', '2016-11-19 12:10:58', 31),
(8, 'C_4', '2016-11-09 03:55:01', '2016-11-19 12:11:06', 31),
(8, 'C_5', '2016-11-09 03:55:01', '2016-11-19 12:11:03', 31),
(8, 'C_6', '2016-11-09 03:55:01', '2016-11-19 12:11:12', 31),
(8, 'C_7', '2016-11-09 03:55:01', '2016-11-19 12:11:09', 31),
(8, 'C_8', '2016-11-09 03:55:01', '2016-11-19 12:11:15', 31),
(8, 'D_1', '2016-11-09 03:55:01', '2016-11-19 12:11:20', 31),
(8, 'D_2', '2016-11-09 03:55:01', '2016-11-19 12:11:25', 31),
(8, 'D_3', '2016-11-09 03:55:01', '2016-11-19 12:11:22', 31),
(8, 'D_4', '2016-11-09 03:55:01', '2016-11-19 12:11:30', 31),
(8, 'D_5', '2016-11-09 03:55:01', '2016-11-19 12:11:28', 31),
(8, 'D_6', '2016-11-09 03:55:01', '2016-11-19 12:11:43', 31),
(8, 'D_7', '2016-11-09 03:55:01', '2016-11-19 12:11:33', 31),
(8, 'D_8', '2016-11-09 03:55:01', '2016-11-19 12:11:38', 31);



-- --------------------------------------------------------

--
-- テーブルの構造 `t_ticket`
--

DROP TABLE IF EXISTS `t_ticket`;
CREATE TABLE `t_ticket` (
  `reserve_id` int(10) UNSIGNED NOT NULL,
  `ticket_no` int(10) UNSIGNED NOT NULL,
  `type_id` int(10) UNSIGNED NOT NULL,
  `price` int(11) NOT NULL,
  `seat` char(4) DEFAULT NULL,
  `created_at` timestamp NOT NULL DEFAULT CURRENT_TIMESTAMP,
  `updated_at` timestamp NOT NULL DEFAULT CURRENT_TIMESTAMP ON UPDATE CURRENT_TIMESTAMP
) ENGINE=InnoDB DEFAULT CHARSET=utf8;

--
-- テーブルのデータのダンプ `t_ticket`
--

INSERT INTO `t_ticket` (`reserve_id`, `ticket_no`, `type_id`, `price`, `seat`, `created_at`, `updated_at`) VALUES
(1, 1, 1, 1800, 'B_4', '2016-11-09 03:50:34', '2016-11-19 12:13:20'),
(2, 1, 2, 1500, 'A_1', '2016-11-09 03:59:05', '2016-11-19 12:13:22'),
(3, 1, 1, 1800, 'B_5', '2016-11-09 03:50:34', '2016-11-19 12:13:24');

--
-- Indexes for dumped tables
--

--
-- Indexes for table `m_article`
--
ALTER TABLE `m_article`
  ADD PRIMARY KEY (`id`),
  ADD KEY `member_id` (`member_id`);

--
-- Indexes for table `m_member`
--
ALTER TABLE `m_member`
  ADD PRIMARY KEY (`id`),
  ADD UNIQUE KEY `mail` (`mail`);

--
-- Indexes for table `m_movie`
--
ALTER TABLE `m_movie`
  ADD PRIMARY KEY (`id`),
  ADD KEY `member_id` (`member_id`);

--
-- Indexes for table `m_price_type`
--
ALTER TABLE `m_price_type`
  ADD PRIMARY KEY (`id`),
  ADD KEY `member_id` (`member_id`);

--
-- Indexes for table `m_theater`
--
ALTER TABLE `m_theater`
  ADD PRIMARY KEY (`id`),
  ADD KEY `member_id` (`member_id`);

--
-- Indexes for table `t_movie_schedule`
--
ALTER TABLE `t_movie_schedule`
  ADD PRIMARY KEY (`id`),
  ADD KEY `member_id` (`member_id`),
  ADD KEY `movie_id` (`movie_id`),
  ADD KEY `theater_id` (`theater_id`);

--
-- Indexes for table `t_reserve`
--
ALTER TABLE `t_reserve`
  ADD PRIMARY KEY (`id`),
  ADD KEY `member_id` (`member_id`),
  ADD KEY `schedule_id` (`schedule_id`);

--
-- Indexes for table `t_seat`
--
ALTER TABLE `t_seat`
  ADD PRIMARY KEY (`theater_id`,`seat`),
  ADD KEY `member_id` (`member_id`);

--
-- Indexes for table `t_ticket`
--
ALTER TABLE `t_ticket`
  ADD PRIMARY KEY (`ticket_no`,`reserve_id`),
  ADD KEY `type_id` (`type_id`),
  ADD KEY `id` (`reserve_id`);

--
-- AUTO_INCREMENT for dumped tables
--

--
-- AUTO_INCREMENT for table `m_article`
--
ALTER TABLE `m_article`
  MODIFY `id` int(10) UNSIGNED NOT NULL AUTO_INCREMENT, AUTO_INCREMENT=18;
--
-- AUTO_INCREMENT for table `m_member`
--
ALTER TABLE `m_member`
  MODIFY `id` int(10) UNSIGNED NOT NULL AUTO_INCREMENT, AUTO_INCREMENT=33;
--
-- AUTO_INCREMENT for table `m_movie`
--
ALTER TABLE `m_movie`
  MODIFY `id` int(10) UNSIGNED NOT NULL AUTO_INCREMENT, AUTO_INCREMENT=18;
--
-- AUTO_INCREMENT for table `m_theater`
--
ALTER TABLE `m_theater`
  MODIFY `id` int(10) UNSIGNED NOT NULL AUTO_INCREMENT, AUTO_INCREMENT=11;
--
-- AUTO_INCREMENT for table `t_movie_schedule`
--
ALTER TABLE `t_movie_schedule`
  MODIFY `id` int(10) UNSIGNED NOT NULL AUTO_INCREMENT, AUTO_INCREMENT=14;
--
-- AUTO_INCREMENT for table `t_reserve`
--
ALTER TABLE `t_reserve`
  MODIFY `id` int(10) UNSIGNED NOT NULL AUTO_INCREMENT, AUTO_INCREMENT=4;
--
-- AUTO_INCREMENT for table `t_ticket`
--
ALTER TABLE `t_ticket`
  MODIFY `ticket_no` int(10) UNSIGNED NOT NULL AUTO_INCREMENT, AUTO_INCREMENT=2;
--
-- ダンプしたテーブルの制約
--

--
-- テーブルの制約 `m_article`
--
ALTER TABLE `m_article`
  ADD CONSTRAINT `m_article_ibfk_1` FOREIGN KEY (`member_id`) REFERENCES `m_member` (`id`) ON DELETE NO ACTION ON UPDATE NO ACTION;

--
-- テーブルの制約 `m_movie`
--
ALTER TABLE `m_movie`
  ADD CONSTRAINT `m_movie_ibfk_1` FOREIGN KEY (`member_id`) REFERENCES `m_member` (`id`) ON DELETE NO ACTION ON UPDATE NO ACTION;

--
-- テーブルの制約 `m_price_type`
--
ALTER TABLE `m_price_type`
  ADD CONSTRAINT `m_price_type_ibfk_1` FOREIGN KEY (`member_id`) REFERENCES `m_member` (`id`) ON DELETE NO ACTION ON UPDATE NO ACTION;

--
-- テーブルの制約 `m_theater`
--
ALTER TABLE `m_theater`
  ADD CONSTRAINT `m_theater_ibfk_1` FOREIGN KEY (`member_id`) REFERENCES `m_member` (`id`) ON DELETE NO ACTION ON UPDATE NO ACTION;

--
-- テーブルの制約 `t_movie_schedule`
--
ALTER TABLE `t_movie_schedule`
  ADD CONSTRAINT `t_movie_schedule_ibfk_1` FOREIGN KEY (`member_id`) REFERENCES `m_member` (`id`) ON DELETE NO ACTION ON UPDATE NO ACTION,
  ADD CONSTRAINT `t_movie_schedule_ibfk_2` FOREIGN KEY (`movie_id`) REFERENCES `m_movie` (`id`) ON DELETE NO ACTION ON UPDATE NO ACTION,
  ADD CONSTRAINT `t_movie_schedule_ibfk_3` FOREIGN KEY (`theater_id`) REFERENCES `m_theater` (`id`) ON DELETE NO ACTION ON UPDATE NO ACTION;

--
-- テーブルの制約 `t_reserve`
--
ALTER TABLE `t_reserve`
  ADD CONSTRAINT `t_reserve_ibfk_1` FOREIGN KEY (`member_id`) REFERENCES `m_member` (`id`) ON DELETE NO ACTION ON UPDATE NO ACTION,
  ADD CONSTRAINT `t_reserve_ibfk_2` FOREIGN KEY (`schedule_id`) REFERENCES `t_movie_schedule` (`id`) ON DELETE NO ACTION ON UPDATE NO ACTION;

--
-- テーブルの制約 `t_seat`
--
ALTER TABLE `t_seat`
  ADD CONSTRAINT `t_seat_ibfk_1` FOREIGN KEY (`member_id`) REFERENCES `m_member` (`id`) ON DELETE NO ACTION ON UPDATE NO ACTION,
  ADD CONSTRAINT `t_seat_ibfk_2` FOREIGN KEY (`theater_id`) REFERENCES `m_theater` (`id`) ON DELETE NO ACTION ON UPDATE NO ACTION;

--
-- テーブルの制約 `t_ticket`
--
ALTER TABLE `t_ticket`
  ADD CONSTRAINT `t_ticket_ibfk_1` FOREIGN KEY (`type_id`) REFERENCES `m_price_type` (`id`) ON DELETE NO ACTION ON UPDATE NO ACTION,
  ADD CONSTRAINT `t_ticket_ibfk_2` FOREIGN KEY (`reserve_id`) REFERENCES `t_reserve` (`id`) ON DELETE NO ACTION ON UPDATE NO ACTION;

/*!40101 SET CHARACTER_SET_CLIENT=@OLD_CHARACTER_SET_CLIENT */;
/*!40101 SET CHARACTER_SET_RESULTS=@OLD_CHARACTER_SET_RESULTS */;
/*!40101 SET COLLATION_CONNECTION=@OLD_COLLATION_CONNECTION */;
